1,google.com
2,googleapis.com
3,youtube.com
4,instagram.com
5,cloudflare.com
6,twitter.com
7,amazonaws.com
8,googletagmanager.com
9,wikipedia.org
10,github.com
11,bing.com
12,googleusercontent.com
13,digicert.com
14,youtu.be
15,pinterest.com
16,netflix.com
17,icloud.com
18,whatsapp.com
19,goo.gl
20,ntp.org
21,x.com
22,tiktok.com
23,vimeo.com
24,windows.net
25,cloudfront.net
26,tiktokcdn.com
27,bit.ly
28,wa.me
29,office365.com
30,tiktokv.com
31,nginx.org
32,qq.com
33,nginx.com
34,wordpress.com
35,reddit.com
36,windows.com
37,googleadservices.com
38,fastly.net
39,ui.com
40,azure.com
41,t.me
42,blogspot.com
43,europa.eu
44,dns.google
45,sentry.io
46,criteo.com
47,zoom.us
48,github.io
49,gravatar.com
50,amazon-adsystem.com
51,one.one
52,snapchat.com
53,a2z.com
54,pki.goog
55,dropbox.com
56,cloud.microsoft
57,archive.org
58,outlook.com
59,f5.com
60,miit.gov.cn
61,forms.gle
62,vk.com
63,nytimes.com
64,ggpht.com
65,trafficmanager.net
66,applovin.com
67,shopify.com
68,paypal.com
69,rubiconproject.com
70,medium.com
71,msftconnecttest.com
72,godaddy.com
73,chatgpt.com
74,discord.com
75,w3.org
76,soundcloud.com
77,pubmatic.com
78,cnn.com
79,theguardian.com
80,taboola.com
81,adsrvr.org
82,cdn-apple.com
83,amazon.dev
84,forbes.com
85,tiktokcdn-us.com
86,creativecommons.org
87,android.com
88,t.co
89,sourceforge.net
90,xiaomi.com
91,sciencedirect.com
92,example.com
93,bbc.com
94,doubleverify.com
95,researchgate.net
96,cpanel.net
97,doi.org
98,imdb.com
99,gmail.com
100,mailinabox.email
101,vungle.com
102,canva.com
103,youtube-nocookie.com
104,twitch.tv
105,ebay.com
106,wixsite.com
107,openai.com
108,who.int
109,scorecardresearch.com
110,inmobi.com
111,wikimedia.org
112,miui.com
113,hubspot.com
114,yandex.ru
115,linktr.ee
116,static.microsoft
117,mail.ru
118,aws.dev
119,yandex.com
120,launchpad.net
121,tinyurl.com
122,facebook.net
123,kwai-pro.com
124,amazon.co.uk
125,googleblog.com
126,www.gov.uk
127,adobe.io
128,reuters.com
129,nature.com
130,playstation.net
131,issuu.com
132,harvard.edu
133,wiley.com
134,weebly.com
135,media-amazon.com
136,avast.com
137,springer.com
138,dailymail.co.uk
139,weibo.com
140,mozilla.com
141,openx.net
142,dropcatch.com
143,launchdarkly.com
144,washingtonpost.com
145,jsdelivr.net
146,stripe.com
147,3lift.com
148,discord.gg
149,alibaba.com
150,wsj.com
151,telegraph.co.uk
152,un.org
153,smartadserver.com
154,media.net
155,booking.com
156,bloomberg.com
157,epicgames.com
158,grammarly.com
159,aliyuncs.com
160,bilibili.com
161,opendns.com
162,expireddomains.com
163,roku.com
164,telegram.org
165,tiktokv.us
166,google.com.br
167,unsplash.com
168,google.de
169,aliexpress.com
170,independent.co.uk
171,businessinsider.com
172,xboxlive.com
173,dailymotion.com
174,cornell.edu
175,indeed.com
176,appsflyer.com
177,plesk.com
178,cloudflare.net
179,duckduckgo.com
180,pixabay.com
181,samsungcloud.com
182,telegram.me
183,mikrotik.com
184,yandex.net
185,calendly.com
186,temu.com
187,statista.com
188,steamcommunity.com
189,huawei.com
190,cookiedatabase.org
191,tp-link.com
192,quora.com
193,indiatimes.com
194,list-manage.com
195,goodreads.com
196,cnbc.com
197,163.com
198,mi.com
199,amazon.de
200,azureedge.net
201,taobao.com
202,azurefd.net
203,eventbrite.com
204,line.me
205,npr.org
206,addtoany.com
207,speedtest.net
208,mtgglobals.com
209,allawnos.com
210,aliyun.com
211,globo.com
212,akamaized.net
213,behance.net
214,gitlab.com
215,alicdn.com
216,ip-api.com
217,shalltry.com
218,tradingview.com
219,netflix.net
220,wired.com
221,giphy.com
222,foxnews.com
223,aol.com
224,edgesuite.net
225,walmart.com
226,amzn.to
227,scribd.com
228,ok.ru
229,google.com.hk
230,ietf.org
231,slideshare.net
232,google.co.uk
233,stackoverflow.com
234,time.com
235,usatoday.com
236,trustpilot.com
237,blogger.com
238,espn.com
239,slack.com
240,yahoo.co.jp
241,2mdn.net
242,deviantart.com
243,ft.com
244,visualstudio.com
245,patreon.com
246,shein.com
247,firefox.com
248,tandfonline.com
249,fast.com
250,id5-sync.com
251,nypost.com
252,oup.com
253,bsky.app
254,wix.com
255,cnet.com
256,shopee.com.br
257,tripadvisor.com
258,supercell.com
259,sina.com.cn
260,uol.com.br
261,vivo.com.cn
262,britannica.com
263,target.com
264,loc.gov
265,free.fr
266,uk.com
267,xhamster.com
268,wp.pl
269,ikea.com
270,buzzfeed.com
271,accuweather.com
272,merriam-webster.com
273,aboutads.info
274,squarespace.com
275,azurewebsites.net
276,cbsnews.com
277,ieee.org
278,rakuten.co.jp
279,bidswitch.net
280,arxiv.org
281,g.co
282,elpais.com
283,techcrunch.com
284,yelp.com
285,shutterstock.com
286,w3schools.com
287,substack.com
288,ted.com
289,fontawesome.com
290,zendesk.com
291,docker.com
292,surveymonkey.com
293,withgoogle.com
294,service.gov.uk
295,redhat.com
296,nike.com
297,jotform.com
298,pendo.io
299,lemonde.fr
300,spiegel.de
301,amazon.fr
302,playstation.com
303,cambridge.org
304,wattpad.com
305,tapad.com
306,amazon.ca
307,fandom.com
308,newrelic.com
309,agkn.com
310,onetrust.com
311,zillow.com
312,heylink.me
313,unesco.org
314,erome.com
315,sharethrough.com
316,outbrain.com
317,mediafire.com
318,sagepub.com
319,mailchimp.com
320,perplexity.ai
321,appcenter.ms
322,xbox.com
323,people.com
324,wildberries.ru
325,mdpi.com
326,liadm.com
327,freepik.com
328,hotjar.com
329,amplitude.com
330,fiverr.com
331,dzen.ru
332,fb.com
333,ya.ru
334,ipify.org
335,nikkei.com
336,meraki.com
337,dotomi.com
338,investopedia.com
339,rakuten.com
340,xvideos.com
341,rutube.ru
342,curseforge.com
343,duolingo.com
344,homedepot.com
345,amazon.in
346,allaboutcookies.org
347,prnewswire.com
348,atlassian.com
349,stackadapt.com
350,ozon.ru
351,google.cn
352,braze.com
353,ameblo.jp
354,lijit.com
355,creativecdn.com
356,theverge.com
357,amazon.es
358,webmd.com
359,he.net
360,latimes.com
361,everesttech.net
362,b-cdn.net
363,lefigaro.fr
364,academia.edu
365,ups.com
366,mixpanel.com
367,mayoclinic.org
368,myspace.com
369,tencent.com
370,amazon.it
371,branch.io
372,bandcamp.com
373,marriott.com
374,disneyplus.com
375,hbr.org
376,mlb.com
377,33across.com
378,nbcnews.com
379,t-online.de
380,fda.gov
381,bugsnag.com
382,clever.com
383,apnews.com
384,intuit.com
385,optimizely.com
386,discogs.com
387,usps.com
388,stripchat.com
389,healthline.com
390,teads.tv
391,bestbuy.com
392,githubusercontent.com
393,brave.com
394,unpkg.com
395,ebay.co.uk
396,welt.de
397,pexels.com
398,themeforest.net
399,linklist.bio
400,qualtrics.com
401,agoda.com
402,zemanta.com
403,genius.com
404,yieldmo.com
405,change.org
406,hm.com
407,primevideo.com
408,flashtalking.com
409,readthedocs.io
410,princeton.edu
411,life360.com
412,threads.com
413,pornhub.com
414,discordapp.com
415,recaptcha.net
416,thenai.org
417,mckinsey.com
418,iso.org
419,avito.ru
420,criteo.net
421,biblegateway.com
422,kickstarter.com
423,nationalgeographic.com
424,bild.de
425,chess.com
426,onlyfans.com
427,grammarly.io
428,onetag-sys.com
429,adjust.com
430,lowes.com
431,onelink.me
432,theatlantic.com
433,a-mo.net
434,onet.pl
435,google.nl
436,www.gov.br
437,livejournal.com
438,mercadolivre.com.br
439,gumgum.com
440,amazon.com.br
441,mailchi.mp
442,fwmrm.net
443,note.com
444,chaturbate.com
445,intercom.io
446,worldbank.org
447,classlink.com
448,repubblica.it
449,corriere.it
450,youku.com
451,openstreetmap.org
452,elmundo.es
453,whitehouse.gov
454,dribbble.com
455,crazygames.com
456,omnitagjs.com
457,seznam.cz
458,ebay.de
459,sentinelone.net
460,xnxx.com
461,leparisien.fr
462,macys.com
463,amazontrust.com
464,huffpost.com
465,zoho.com
466,imrworldwide.com
467,frontiersin.org
468,kick.com
469,ryanair.com
470,deepl.com
471,quizlet.com
472,akamaihd.net
473,letterboxd.com
474,globalsign.com
475,mercadolibre.com.ar
476,lavanguardia.com
477,character.ai
478,amazon.com.au
479,wbx2.com
480,eporner.com
481,adblockplus.org
482,sportradar.com
483,daum.net
484,ring.com
485,infobae.com
486,tiktokw.us
487,google.co.jp
488,ouest-france.fr
489,cbc.ca
490,focus.de
491,weforum.org
492,seedtag.com
493,abc.es
494,dynatrace.com
495,pixiv.net
496,newsweek.com
497,pbs.org
498,capcut.com
499,bol.com
500,marca.com
501,bfmtv.com
502,paloaltonetworks.com
503,moloco.com
504,coupang.com
505,sofascore.com
506,redfin.com
507,ancestry.com
508,kleinanzeigen.de
509,onesignal.com
510,xiaohongshu.com
511,gsmarena.com
512,as.com
513,run.app
514,fbsbx.com
515,ecosia.org
516,sohu.com
517,aniview.com
518,flipkart.com
519,otto.de
520,huffingtonpost.com
521,microsoftpersonalcontent.com
522,nexusmods.com
523,klaviyo.com
524,comcast.net
525,moneycontrol.com
526,jd.com
527,terra.com.br
528,deloitte.com
529,kohls.com
530,checkpoint.com
531,costco.com
532,viber.com
533,aparat.com
534,ameba.jp
535,samsungapps.com
536,onedrive.com
537,oxylabs.io
538,box.com
539,n-tv.de
540,anydesk.com
541,kahoot.it
542,amazon.com.mx
543,oraclecloud.com
544,franceinfo.fr
545,arcgis.com
546,ultimate-guitar.com
547,youronlinechoices.com
548,businesswire.com
549,google.fr
550,hicloud.com
551,columbia.edu
552,sedo.com
553,google.es
554,theconversation.com
555,poki.com
556,samsungosp.com
557,wise.com
558,dafont.com
559,ilovepdf.com
560,idnes.cz
561,lanacion.com.ar
562,umbrella.com
563,leboncoin.fr
564,kwai.com
565,liftoff.io
566,vivo.com
567,archiveofourown.org
568,lichess.org
569,tabelog.com
570,conviva.com
571,docomo.ne.jp
572,trendyol.com
573,forter.com
574,biomedcentral.com
575,mercadolibre.com.mx
576,india.com
577,hltv.org
578,datadoghq.com
579,split.io
580,flashscore.com
581,elconfidencial.com
582,google.ca
583,statcounter.com
584,myqcloud.com
585,nu.nl
586,drom.ru
587,savefrom.net
588,hepsiburada.com
589,netgear.com
590,economist.com
591,msftauth.net
592,fortune.com
593,vnexpress.net
594,umich.edu
595,bet365.com
596,wordwall.net
597,appspot.com
598,digikala.com
599,espncricinfo.com
600,remove.bg
601,furaffinity.net
602,jw.org
603,lequipe.fr
604,indiamart.com
605,cnnbrasil.com.br
606,dmm.co.jp
607,aftonbladet.se
608,ad.nl
609,spankbang.com
610,binance.com
611,faphouse.com
612,cookpad.com
613,itmedia.co.jp
614,rightmove.co.uk
615,mundodeportivo.com
616,coursera.org
617,vg.no
618,ixl.com
619,xhamster.desi
620,synology.com
621,tnaflix.com
622,cdiscount.com
623,web.de
624,argos.co.uk
625,rule34.xxx
626,acesso.gov.br
627,meethue.com
628,usnews.com
629,typeform.com
630,pornpics.com
631,ipinfo.io
632,nhentai.net
633,ladepeche.fr
634,clarin.com
635,gazzetta.it
636,xhamster44.desi
637,kwcdn.com
638,divar.ir
639,tgju.org
640,blooket.com
641,plos.org
642,makemytrip.com
643,i18n-pglstatp.com
644,actu.fr
645,apa.org
646,hotpepper.jp
647,mediatek.com
648,yomiuri.co.jp
649,airbnb.com
650,fanfiction.net
651,merkur.de
652,umn.edu
653,allocine.fr
654,psychologytoday.com
655,sportybet.com
656,idealista.com
657,namu.wiki
658,apkpure.net
659,youporn.com
660,bidmachine.io
661,livedoor.jp
662,ebay.it
663,lc.chat
664,yale.edu
665,xing.com
666,livedoor.com
667,livescore.com
668,tabor.ru
669,jstor.org
670,hln.be
671,ynet.co.il
672,calculator.net
673,myntra.com
674,abc.net.au
675,zalando.de
676,trello.com
677,bilibili.tv
678,redtube.com
679,donga.com
680,cricbuzz.com
681,ilfattoquotidiano.it
682,marktplaats.nl
683,mydramalist.com
684,kicker.de
685,zhihu.com
686,ox.ac.uk
687,yandex.by
688,emag.ro
689,naukri.com
690,odoo.com
691,gismeteo.ru
692,autotrader.co.uk
693,jusbrasil.com.br
694,sahibinden.com
695,janitorai.com
696,finn.no
697,torob.com
698,usercentrics.eu
699,olx.pl
700,hugedomains.com
701,coolmathgames.com
702,fetlife.com
703,dbankcloud.cn
704,xhaccess.com
705,gcash.com
706,dlsite.com
707,8lyyu1vb4.com
708,donmai.us
709,dcinside.com
710,bitdefender.net
711,ilmessaggero.it
712,jiomart.com
713,tvn24.pl
714,txnhh.com
715,videy.co
716,youjizz.com
717,justdial.com
718,novinky.cz
719,jagran.com
720,notion.so
721,xhamster2.com
722,sotwe.com
723,cam4.com
724,fdown.net
725,cronista.com
726,xnxx.tv
727,mediaexpert.pl
728,futbin.com
729,missav.ws
730,noodlemagazine.com
731,yandex.com.tr
732,xvv1deos.com
733,hianime.to
734,dantri.com.vn
735,boyfriendtv.com
736,dagbladet.no
737,wiktionary.org
738,pornhub.org
739,apple.news
740,xhopen.com
741,motherless.com
742,bookmyshow.com
743,zdnet.com
744,toyhou.se
745,haberler.com
746,starfall.com
747,platoboost.app
748,xhamster19.com
749,varzesh3.com
750,asuracomic.net
751,thisvid.com
752,funpay.com
753,xhamster1.desi
754,madurird.com
755,skroutz.gr
756,amazon.eg
757,pornhat.com
758,aternos.org
759,kemono.cr
760,leroymerlin.fr
761,xxxbp.tv
762,aznude.com
763,bookmark.xxx
764,e621.net
765,hitomi.la
766,imhentai.xxx
767,jable.tv
768,sexvid.xxx
769,ixxx.com
770,rule34video.com
771,nikkansports.com
772,weathernews.jp
773,xhamster3.com
774,uidai.gov.in
775,cardekho.com
776,jalan.net
777,filmweb.pl
778,hilton.com
779,hollywoodbets.net
780,smartthings.com
781,nosv.org
782,zozo.jp
783,gst.gov.in
784,suumo.jp
785,syosetu.com
786,navitime.co.jp
787,turkiye.gov.tr
788,oecd.org
789,cityheaven.net
790,tenki.jp
791,ilmeteo.it
792,iltalehti.fi
793,idealista.it
794,game8.jp
795,woxh.world
796,cm65.com
797,boardgamearena.com
798,24h.com.vn
799,rapid7.com
800,inven.co.kr
801,index.hr
802,otomoto.pl
803,jutarnji.hr
804,p2yn.com
805,prom.ua
806,youm7.com
807,gofundme.com
808,betway.co.za
809,njuskalo.hr
810,typing.com
811,3bmeteo.com
812,tsyndicate.com
813,ekstrabladet.dk
814,wikihow.com
815,alphonso.tv
816,programme-tv.net
817,gamewith.jp
818,obqj2.com
819,ssstik.io
820,blic.rs
821,carsensor.net
822,sozcu.com.tr
823,cafef.vn
824,namasha.com
825,tycsports.com
826,mbga.jp
827,gcdn.co
828,snaptik.app
829,dkitrxmdwoqruvsi.net
830,byteoversea.com
831,cardgames.io
832,xvideos2.com
833,x3os.com
834,pussyspace.com
835,1mg.com
836,eltiempo.es
837,ubnt.com
838,pages.dev
839,banvenez.com
840,bt.dk
841,fuq.com
842,xbato.com
843,fmkorea.com
844,prokerala.com
845,amt3.com
846,fapello.com
847,iporntv.net
848,livehindustan.com
849,gelbooru.com
850,aniwatchtv.to
851,imagefap.com
852,ficbook.net
853,hihonorcloud.com
854,cmoa.jp
855,up.gov.in
856,sondakika.com
857,xnxx.es
858,faphouse1.com
859,dw.com
860,missav.live
861,ukdevilz.com
862,caliente.mx
863,xvideos.es
864,fastdl.app
865,missav123.com
866,bmj.com
867,bato.to
868,xnxx.health
869,liteapks.com
870,mat6tube.com
871,123av.com
872,69shuba.com
873,exhentai.org
874,fatalmodel.com
875,hanime1.me
876,hdporncomics.com
877,hdtube.porn
878,ifilo.net
879,kompoz2.com
880,luticlip.com
881,luxuretv.com
882,mangabuff.ru
883,missav.ai
884,ninisite.com
885,porn300.com
886,rat.xxx
887,redwap.sex
888,rokna.net
889,sex-studentki.team
890,sexlog.com
891,shahvani.com
892,simpcity.cr
893,sssinstagram.com
894,superporn.com
895,supjav.com
896,sxyprn.com
897,taktube.net
898,upmusics.com
899,wnacg.com
900,xnxx-arabic.com
901,futbol24.com
902,aucey.com
903,ptt.cc
904,dnevnik.ru
905,bb2r.com
906,carwale.com
907,netkeiba.com
908,xhspot.com
909,forebet.com
910,hamsterix.today
911,librus.pl
912,psu.edu
913,zearn.org
914,aajtak.in
915,arca.live
916,mangago.me
917,casinoplus.com.ph
918,yimg.com
919,manoramaonline.com
920,goodreturns.in
921,ijavhd.com
922,heytapmobi.com
923,pla3.com
924,proxysite.com
925,desitales2.com
926,okxxx1.com
927,cardmarket.com
928,chordtela.com
929,nitrotype.com
930,ak2yy.com
931,bank.in
932,tokyomotion.net
933,parivahan.gov.in
934,pornocarioca.com
935,kingbokep.tv
936,ruliweb.com
937,croxyproxy.com
938,playtime.ph
939,nesine.com
940,eenadu.net
941,illuminateed.com
942,lk21official.cc
943,bato.si
944,lausd.net
945,ppomppu.co.kr
946,qorno.com
947,www.gob.mx
948,nustargame.com
949,clickpetroleoegas.com.br
950,bingoplus.com
951,singular.net
952,fanmtl.com
953,kooora.com
954,rakuten-sec.co.jp
955,property24.com
956,hochi.news
957,litnet.com
958,syosetu.org
959,indianrail.gov.in
960,miwifi.com
961,fantia.jp
962,eu.com
963,gfpxw.com
964,russianfood.com
965,bikewale.com
966,tplinkcloud.com
967,battwo.com
968,skokka.com
969,spamhaus.org
970,xhcopy.life
971,myreadingmanga.info
972,3ckz.com
973,mangabuddy.com
974,xhsocial.com
975,24xxxx.win
976,52shuku.net
977,an1.com
978,arabtnt.com
979,arabx.cam
980,arbada.com
981,beboo.ru
982,betika.com
983,czbooks.net
984,emaktab.uz
985,eroterest.net
986,evexxx.com
987,fabswingers.com
988,googll.store
989,goojara.to
990,happymh.com
991,imgsrc.ru
992,jaya9bangladesh.com
993,joyclub.de
994,kakuyomu.jp
995,kamababa.desi
996,lectormangaa.com
997,listcrawler.eu
998,manhwaweb.com
999,mechacomic.jp
1000,momon-ga.com
